id,"club","shortname","fullname","nickname","founded","ground","manager","logo","logoUrl","wikiUrl","capacity","chairman","owner","website"
1,"Accrington Stanley","Accrington","Accrington Stanley Football Club","Stanley","1968","Crown Ground","James Beattie","resources/logos/Accrington Stanley.png","http://upload.wikimedia.org/wikipedia/en/thumb/7/7f/Accrington_Stanley_FC.svg/200px-Accrington_Stanley_FC.svg.png","http://en.wikipedia.org/wiki/Accrington_Stanley_F.C.","5,057","","Peter Marsden","http://www.accringtonstanley.co.uk/"
2,"Bournemouth","Bournemouth","AFC Bournemouth","The Cherries, Boscombe","1890","Dean Court","Eddie Howe","resources/logos/A.F.C. Bournemouth.png","http://upload.wikimedia.org/wikipedia/en/thumb/e/e5/AFC_Bournemouth_%282013%29.svg/150px-AFC_Bournemouth_%282013%29.svg.png","http://en.wikipedia.org/wiki/A.F.C._Bournemouth","12,000","Maxim Demin","Jeff Mostyn","http://www.afcb.premiumtv.co.uk"
4,"Arsenal","Arsenal","Arsenal Football Club","The Gunners","1886","Emirates Stadium","Arsène Wenger","resources/logos/Arsenal.png","http://upload.wikimedia.org/wikipedia/en/thumb/5/53/Arsenal_FC.svg/200px-Arsenal_FC.svg.png","http://en.wikipedia.org/wiki/Arsenal_F.C.","60,338","Arsenal Holdings plc","Sir John  Chips  Keswick","http://www.arsenal.com/"
5,"Wimbledon","Wimbledon","AFC Wimbledon","The Dons, The Wombles","2002","The Cherry Red Records Stadium","Neal Ardley","resources/logos/A.F.C. Wimbledon.png","http://upload.wikimedia.org/wikipedia/en/thumb/1/1c/AFC_Wimbledon.svg/125px-AFC_Wimbledon.svg.png","http://en.wikipedia.org/wiki/A.F.C._Wimbledon","4,850","","Erik Samuelson","http://www.afcwimbledon.co.uk/"
7,"Barnsley","Barnsley","Barnsley Football Club","The Tykes, The Reds","1887","Oakwell","Danny Wilson","resources/logos/Barnsley.png","http://upload.wikimedia.org/wikipedia/en/thumb/c/c9/Barnsley_FC.svg/150px-Barnsley_FC.svg.png","http://en.wikipedia.org/wiki/Barnsley_F.C.","23,009","Patrick Cryne","Maurice Watkins","http://www.barnsleyfc.co.uk/index.aspx"
8,"Birmingham City","Birmingham","Birmingham City Football Club","Blues","1875","St Andrew's","Lee Clark","resources/logos/Birmingham City.png","http://upload.wikimedia.org/wikipedia/en/thumb/6/68/Birmingham_City_FC_logo.svg/100px-Birmingham_City_FC_logo.svg.png","http://en.wikipedia.org/wiki/Birmingham_City_F.C.","30,016","Birmingham International Holdings","","http://www.bcfc.com"
9,"Blackburn Rovers","Blackburn","Blackburn Rovers Football Club","Rovers, Blue and Whites, The Riversiders","1875","Ewood Park","Gary Bowyer","resources/logos/Blackburn Rovers.png","http://upload.wikimedia.org/wikipedia/en/thumb/0/0f/Blackburn_Rovers.svg/180px-Blackburn_Rovers.svg.png","http://en.wikipedia.org/wiki/Blackburn_Rovers_F.C.","31,367","Venky's London Ltd","","http://www.rovers.co.uk/"
10,"Aston Villa","Aston Villa","Aston Villa Football Club","The Villa, The Villans, The Lions, The Claret and Blue","1874","Villa Park","Paul Lambert","resources/logos/Aston Villa.png","http://upload.wikimedia.org/wikipedia/en/thumb/1/15/Aston_Villa.svg/150px-Aston_Villa.svg.png","http://en.wikipedia.org/wiki/Aston_Villa_F.C.","42,682","Reform Acquisitions LLC","Randy Lerner","http://www.avfc.co.uk/"
11,"Blackpool ","Blackpool ","Blackpool Football Club Ltd ","The Seasiders, The 'Pool, The Tangerines","1887","Bloomfield Road","José Riga","resources/logos/Blackpool.png","http://upload.wikimedia.org/wikipedia/en/thumb/d/df/Blackpool_FC_logo.svg/180px-Blackpool_FC_logo.svg.png","http://en.wikipedia.org/wiki/Blackpool_F.C.","17,338","Owen Oyston Valeri Belokon","Karl Oyston","http://www.blackpoolfc.co.uk/"
12,"Bolton Wanderers","Bolton","Bolton Wanderers Football Club","The Trotters, The Wanderers, The Whites, The White Men, The Men in White","1874","Reebok Stadium","Dougie Freedman","resources/logos/Bolton Wanderers.png","http://upload.wikimedia.org/wikipedia/en/thumb/8/82/Bolton_Wanderers_FC_logo.svg/200px-Bolton_Wanderers_FC_logo.svg.png","http://en.wikipedia.org/wiki/Bolton_Wanderers_F.C.","28,723","Eddie Davies","Phil Gartside","http://www.bwfc.co.uk"
14,"Bradford City","Bradford","Bradford City Association Football Club","The Bantams The Paraders The Citizens","1903","Valley Parade","Phil Parkinson","resources/logos/Bradford City.png","http://upload.wikimedia.org/wikipedia/en/thumb/3/32/Bradford_City_AFC.png/100px-Bradford_City_AFC.png","http://en.wikipedia.org/wiki/Bradford_City_A.F.C.","25,136","","Mark Lawn Julian Rhodes","http://www.bradfordcityfc.co.uk"
15,"Brighton and Hove Albion","Brighton","Brighton and Hove Albion Football Club","The Seagulls The Albion","1901","Falmer Stadium","Sami Hyypiä","resources/logos/Brighton.png","http://upload.wikimedia.org/wikipedia/en/thumb/f/fd/Brighton_%26_Hove_Albion_logo.svg/200px-Brighton_%26_Hove_Albion_logo.svg.png","http://en.wikipedia.org/wiki/Brighton_%26_Hove_Albion_F.C.","30,750","","Tony Bloom","http://www.seagulls.co.uk"
16,"Bristol City","Bristol City","Bristol City","The Robins, The Reds, Cider Army ","1897","Ashton Gate","Steve Cotterill","resources/logos/Bristol City.png","http://upload.wikimedia.org/wikipedia/en/thumb/0/00/Bristol_City_FC.svg/180px-Bristol_City_FC.svg.png","http://en.wikipedia.org/wiki/Bristol_City_F.C.","21,500","","","http://www.bcfc.co.uk/"
17,"Bristol Rovers","Bristol Rovers","Bristol Rovers","The Pirates, The Gas","1883","Memorial Stadium","Darrell Clarke","resources/logos/Bristol Rovers.png","http://upload.wikimedia.org/wikipedia/en/thumb/4/47/Bristol_Rovers_F.C._logo.svg/150px-Bristol_Rovers_F.C._logo.svg.png","http://en.wikipedia.org/wiki/Bristol_Rovers_F.C.","12,011","","Nick Higgs","http://www.bristolrovers.co.uk/"
18,"Burnley","Burnley","Burnley Football Club","The Clarets","1882","Turf Moor","Sean Dyche","resources/logos/Burnley.png","http://upload.wikimedia.org/wikipedia/en/thumb/3/33/Burnley_FC_badge_2010.gif/150px-Burnley_FC_badge_2010.gif","http://en.wikipedia.org/wiki/Burnley_F.C.","22,546","","Mike Garlick and John Banaszkiewicz","http://www.burnleyfootballclub.com/"
19,"Brentford","Brentford","Brentford Football Club","The Bees","1889","Griffin Park","Mark Warburton","resources/logos/Brentford.png","http://upload.wikimedia.org/wikipedia/en/thumb/c/c9/Brentford_FC_logo.svg/200px-Brentford_FC_logo.svg.png","http://en.wikipedia.org/wiki/Brentford_F.C.","12,300","Matthew Benham","Cliff Crown","http://www.brentfordfc.co.uk"
20,"Burton Albion","Burton","Burton Albion Football Club","Brewers","1950","Pirelli Stadium","Gary Rowett","resources/logos/Burton Albion.png","http://upload.wikimedia.org/wikipedia/en/thumb/5/53/Burton_Albion_FC_logo.svg/200px-Burton_Albion_FC_logo.svg.png","http://en.wikipedia.org/wiki/Burton_Albion_F.C.","6,912","","Ben Robinson","http://www.burtonalbionfc.co.uk/"
21,"Bury","Bury","Bury Football Club","'The Shakers'","1885","Gigg Lane Stadium","David Flitcroft","resources/logos/Bury.png","http://upload.wikimedia.org/wikipedia/en/thumb/b/b7/Bury_FC.svg/180px-Bury_FC.svg.png","http://en.wikipedia.org/wiki/Bury_F.C.","11,840","","Stewart Day","http://www.buryfc.co.uk/"
22,"Cardiff City","Cardiff","Cardiff City Football Club","The Bluebirds","1899","Cardiff City Stadium","Ole Gunnar Solskjær","resources/logos/Cardiff City.png","http://upload.wikimedia.org/wikipedia/en/thumb/3/3d/Cardiff_City_Crest.svg/200px-Cardiff_City_Crest.svg.png","http://en.wikipedia.org/wiki/Cardiff_City_F.C.","28,018","Vincent Tan","Mehmet Dalman","http://www.cardiffcityfc.co.uk"
23,"Carlisle United","Carlisle","Carlisle United Football Club","Cumbrians, Blues","1904","Brunton Park","Graham Kavanagh","resources/logos/Carlisle United.png","http://upload.wikimedia.org/wikipedia/en/thumb/6/63/Carl_Badge.png/125px-Carl_Badge.png","http://en.wikipedia.org/wiki/Carlisle_United_F.C.","18,202","","Andrew Jenkins",NULL
24,"Cheltenham Town","Cheltenham","Cheltenham Town Football Club","The Robins","1887","Whaddon Road","Mark Yates","resources/logos/Cheltenham Town.png","http://upload.wikimedia.org/wikipedia/en/8/8a/Cheltenham_Town_FC_logo.png","http://en.wikipedia.org/wiki/Cheltenham_Town_F.C.","7,266","","Paul Baker","http://www.ctfc.com/"
25,"Charlton Athletic","Charlton","Charlton Athletic Football Club","The Addicks","1905","The Valley","Bob Peeters","resources/logos/Charlton Athletic.png","http://upload.wikimedia.org/wikipedia/en/thumb/5/5b/Charlton_Athletic.svg/175px-Charlton_Athletic.svg.png","http://en.wikipedia.org/wiki/Charlton_Athletic_F.C.","27,111","Roland Duchâtelet","Richard Murray","http://www.cafc.co.uk"
26,"Chelsea","Chelsea","Chelsea Football Club","The Blues, The Pensioners","1905","Stamford Bridge","José Mourinho","resources/logos/Chelsea.png","http://upload.wikimedia.org/wikipedia/en/thumb/c/cc/Chelsea_FC.svg/200px-Chelsea_FC.svg.png","http://en.wikipedia.org/wiki/Chelsea_F.C.","41,837","Roman Abramovich","Bruce Buck","http://www.chelseafc.com"
27,"Colchester United","Colchester","Colchester United Football Club","The U's","1937","Colchester Community Stadium","Joe Dunne","resources/logos/Colchester United.png","http://upload.wikimedia.org/wikipedia/en/thumb/4/48/Colchester_United_FC_logo.svg/150px-Colchester_United_FC_logo.svg.png","http://en.wikipedia.org/wiki/Colchester_United_F.C.","10,105","","Robbie Cowling","http://www.cu-fc.com"
28,"Chesterfield","Chesterfield","Chesterfield Football Club","The Spireites","1919","Proact Stadium","Paul Cook","resources/logos/Chesterfield.png","http://upload.wikimedia.org/wikipedia/en/thumb/9/94/Chesterfield_FC_crest.svg/180px-Chesterfield_FC_crest.svg.png","http://en.wikipedia.org/wiki/Chesterfield_F.C.","10,504","","Dave Allen","http://www.chesterfield-fc.co.uk"
29,"Coventry City","Coventry","Coventry City Football Club","The Sky Blues","1883","Sixfields Stadium","Steven Pressley","resources/logos/Coventry City.png","http://upload.wikimedia.org/wikipedia/en/thumb/9/94/Coventry_City_FC_logo.svg/175px-Coventry_City_FC_logo.svg.png","http://en.wikipedia.org/wiki/Coventry_City_F.C.","","Otium Entertainment Group","N/A",NULL
30,"Crawley Town","Crawley","Crawley Town Football Club","The Reds,Red Devils","1896","Broadfield Stadium","John Gregory","resources/logos/Crawley Town.png","http://upload.wikimedia.org/wikipedia/en/8/8b/Crawley_Town_FC_logo.png","http://en.wikipedia.org/wiki/Crawley_Town_F.C.","6,134","","Dave Pottinger",NULL
31,"Crewe Alexandra","Crewe","Crewe Alexandra Football Club","The Railwaymen, The Alex","1877","Alexandra Stadium","Steve Davis","resources/logos/Crewe Alexandra.png","http://upload.wikimedia.org/wikipedia/en/thumb/9/9d/Crewe_Alexandra.svg/175px-Crewe_Alexandra.svg.png","http://en.wikipedia.org/wiki/Crewe_Alexandra_F.C.","10,153","","John Bowler","http://www.crewealex.net/"
32,"Crystal Palace","Crystal Palace","Crystal Palace Football Club","Eagles, Glaziers, Palace","1905","Selhurst Park","Tony Pulis","resources/logos/Crystal Palace.png","http://upload.wikimedia.org/wikipedia/en/thumb/0/0c/Crystal_Palace_FC_logo.svg/150px-Crystal_Palace_FC_logo.svg.png","http://en.wikipedia.org/wiki/Crystal_Palace_F.C.","26,255","","","http://www.cpfc.co.uk/"
33,"Dagenham and Redbridge","Dag & Red","Dagenham and Redbridge Football Club","The Daggers","1992","Victoria Road","Wayne Burnett","resources/logos/Dagenham.png","http://upload.wikimedia.org/wikipedia/en/thumb/d/d9/Dagenham_and_Crest.png/200px-Dagenham_and_Crest.png","http://en.wikipedia.org/wiki/Dagenham_%26_Redbridge_F.C.","6,078","","Dave Bennett","http://www.daggers.co.uk/"
34,"Derby County","Derby","Derby County Football Club","The Rams","1884","Pride Park Stadium","Steve McClaren","resources/logos/Derby County.png","http://upload.wikimedia.org/wikipedia/en/thumb/7/77/Derby_County_F.C._plain_ram_badge.png/200px-Derby_County_F.C._plain_ram_badge.png","http://en.wikipedia.org/wiki/Derby_County_F.C.","33,597","GSE Group and Mel Morris","Andrew Appleby","http://www.dcfc.co.uk/"
35,"Doncaster Rovers","Doncaster","Doncaster Rovers Football Club","The Rovers Donny","1879","Keepmoat Stadium","Paul Dickov","resources/logos/Doncaster Rovers.png","http://upload.wikimedia.org/wikipedia/en/thumb/4/46/Doncaster_Rovers_FC.png/250px-Doncaster_Rovers_FC.png","http://en.wikipedia.org/wiki/Doncaster_Rovers_F.C.","15,231","","","http://www.doncasterroversfc.co.uk"
36,"Exeter City","Exeter","Exeter City Football Club","The Grecians","1904","St James Park","Paul Tisdale","resources/logos/Exeter City.png","http://upload.wikimedia.org/wikipedia/en/thumb/7/71/Exeter_City_FC.svg/200px-Exeter_City_FC.svg.png","http://en.wikipedia.org/wiki/Exeter_City_F.C.","8,541","Exeter City Supporters Trust (Exeter City AFC Supporters’ Society Limited)","Edward Chorlton OBE","http://www.exetercityfc.co.uk/"
37,"Fleetwood Town","Fleetwood","Fleetwood Town Football Club","The Cod Army","1908","Highbury Stadium","Graham Alexander","resources/logos/Fleetwood Town.png","http://upload.wikimedia.org/wikipedia/en/6/64/Fleetwood_Town_FC.png","http://en.wikipedia.org/wiki/Fleetwood_Town_F.C.","5,327","","Andy Pilley","http://www.fleetwoodtownfc.com/"
38,"Fulham","Fulham","Fulham Football Club","The Cottagers, The Whites, The Lilywhites ","1879","Craven Cottage","Felix Magath","resources/logos/Fulham.png","http://upload.wikimedia.org/wikipedia/en/thumb/e/eb/Fulham_FC_%28shield%29.svg/150px-Fulham_FC_%28shield%29.svg.png","http://en.wikipedia.org/wiki/Fulham_F.C.","25,700","Shahid Khan","Shahid Khan","http://www.fulhamfc.com/"
39,"Gillingham","Gillingham","Gillingham Football Club","The Gills","1893","Priestfield Stadium","Peter Taylor","resources/logos/Gillingham.png","http://upload.wikimedia.org/wikipedia/en/thumb/5/5e/FC_Gillingham_Logo.svg/120px-FC_Gillingham_Logo.svg.png","http://en.wikipedia.org/wiki/Gillingham_F.C.","11,582","","Paul Scally","http://www.gillinghamfootballclub.com/"
40,"Everton","Everton","Everton Football Club","The Toffees, The Blues, The School of Science, The People's Club","1878","Goodison Park","Roberto Martínez","resources/logos/Everton.png","http://upload.wikimedia.org/wikipedia/en/thumb/0/07/Everton_F.C._%282014%E2%80%93%29.png/200px-Everton_F.C._%282014%E2%80%93%29.png","http://en.wikipedia.org/wiki/Everton_F.C.","40,157","","Bill Kenwright","http://www.evertonfc.com/"
41,"Hartlepool United","Hartlepool","Hartlepool United Football Club","Pools Monkey Hangers","1908","Victoria Park","Colin Cooper","resources/logos/Hartlepool United.png","http://upload.wikimedia.org/wikipedia/en/thumb/c/c5/Hartlepool_United_FC.png/125px-Hartlepool_United_FC.png","http://en.wikipedia.org/wiki/Hartlepool_United_F.C.","7,856","IOR","Ken Hodcroft","http://www.hartlepoolunited.co.uk/page/Home"
42,"Huddersfield Town","Huddersfield","Huddersfield Town Football Club","The Terriers","1908","John Smith's Stadium","Mark Robins","resources/logos/Huddersfield Town.png","http://upload.wikimedia.org/wikipedia/en/thumb/f/f0/HuddersfieldTownCrest.png/160px-HuddersfieldTownCrest.png","http://en.wikipedia.org/wiki/Huddersfield_Town_F.C.","24,500","","Dean Hoyle","http://www.htafc.com/page/Home"
43,"Hull City","Hull","Hull City Association Football Club","The Tigers","1904","KC Stadium","Steve Bruce","resources/logos/Hull City.png","http://upload.wikimedia.org/wikipedia/en/thumb/f/f6/Hull_City.svg/200px-Hull_City.svg.png","http://en.wikipedia.org/wiki/Hull_City_A.F.C.","25,400","","Assem Allam","http://www.hullcitytigers.com"
44,"Ipswich Town","Ipswich","Ipswich Town Football Club","The Blues, The Tractor Boys","1878","Portman Road","Mick McCarthy","resources/logos/Ipswich Town.png","http://upload.wikimedia.org/wikipedia/en/thumb/4/43/Ipswich_Town.svg/175px-Ipswich_Town.svg.png","http://en.wikipedia.org/wiki/Ipswich_Town_F.C.","30,311","Marcus Evans","","http://www.itfc.co.uk/"
45,"Leeds United","Leeds","Leeds United Football Club","The Whites United The Peacocks","1919","Elland Road","Dave Hockaday","resources/logos/Leeds United.png","http://upload.wikimedia.org/wikipedia/en/thumb/0/05/Leeds_United_Logo.png/165px-Leeds_United_Logo.png","http://en.wikipedia.org/wiki/Leeds_United_F.C.","37,890","Eleonora Sport Ltd ","","http://www.leedsunited.com/page/Home/0,,10273,00.html"
46,"Leicester City","Leicester","Leicester City Football Club","The Foxes, The Blues","1884","King Power Stadium","Nigel Pearson","resources/logos/Leicester City.png","http://upload.wikimedia.org/wikipedia/en/thumb/6/63/Leicester02.png/175px-Leicester02.png","http://en.wikipedia.org/wiki/Leicester_City_F.C.","32,262","King Power International","Vichai Srivaddhanaprabha","http://www.lcfc.com"
47,"Leyton Orient","Leyton Orient","Leyton Orient Football Club","The O's, Orient","1881","Matchroom Stadium","Russell Slade","resources/logos/Leyton Orient.png","http://upload.wikimedia.org/wikipedia/en/thumb/f/f1/Leyton_Orient_FC.png/150px-Leyton_Orient_FC.png","http://en.wikipedia.org/wiki/Leyton_Orient_F.C.","9,271","","Barry Hearn","http://www.leytonorient.com/"
48,"Liverpool","Liverpool","Liverpool Football Club","The Reds","1892","Anfield","Brendan Rodgers","resources/logos/Liverpool.png","http://upload.wikimedia.org/wikipedia/en/thumb/0/0c/Liverpool_FC.svg/180px-Liverpool_FC.svg.png","http://en.wikipedia.org/wiki/Liverpool_F.C.","45,276","Fenway Sports Group","Tom Werner","http://www.liverpoolfc.com/"
49,"Manchester City","Man City","Manchester City Football Club","City, The Citizens, The Sky Blues","1880","City of Manchester Stadium","Manuel Pellegrini","resources/logos/Manchester City.png","http://upload.wikimedia.org/wikipedia/en/thumb/c/cf/Manchester_City.svg/200px-Manchester_City.svg.png","http://en.wikipedia.org/wiki/Manchester_City_F.C.","47,405","City Football Group","Khaldoon Al Mubarak","http://www.mcfc.co.uk/"
50,"Manchester United","Man Utd","Manchester United Football Club","The Red Devils","1878","Old Trafford","Louis van Gaal","resources/logos/Manchester United.png","http://upload.wikimedia.org/wikipedia/en/thumb/7/7a/Manchester_United_FC_crest.svg/220px-Manchester_United_FC_crest.svg.png","http://en.wikipedia.org/wiki/Manchester_United_F.C.","75,731","Manchester United plc (NYSE: MANU)","","http://www.manutd.com/"
51,"Middlesbrough","Middlesbrough","Middlesbrough Football Club","Boro, the Smoggies","1876","Riverside Stadium","Aitor Karanka","resources/logos/Middlesbrough.png","http://upload.wikimedia.org/wikipedia/en/thumb/3/34/Middlesbrough_crest.png/210px-Middlesbrough_crest.png","http://en.wikipedia.org/wiki/Middlesbrough_F.C.","34,742","Steve Gibson","Steve Gibson","http://www.mfc.co.uk"
52,"Millwall","Millwall","Millwall Football Club","The Lions","1885","The Den","Ian Holloway","resources/logos/Millwall.png","http://upload.wikimedia.org/wikipedia/en/thumb/7/71/Millwall_FC_logo.png/200px-Millwall_FC_logo.png","http://en.wikipedia.org/wiki/Millwall_F.C.","20,146","Millwall Holdings plc","John Berylson","http://www.millwallfc.co.uk"
53,"Milton Keynes Dons","MK Dons","Milton Keynes Dons Football Club","The Dons","2004","Stadium mk","Karl Robinson","resources/logos/Milton Keynes.png","http://upload.wikimedia.org/wikipedia/en/thumb/b/bf/MK_Dons.png/150px-MK_Dons.png","http://en.wikipedia.org/wiki/Milton_Keynes_Dons_FC","30,500","","Pete Winkelman","http://www.mkdons.co.uk"
54,"Morecambe","Morecambe","Morecambe Football Club","The Shrimps","1920","Globe Arena","Jim Bentley","resources/logos/Morecambe.png","http://upload.wikimedia.org/wikipedia/en/thumb/c/c7/Morecambe_FC.gif/150px-Morecambe_FC.gif","http://en.wikipedia.org/wiki/Morecambe_F.C.","6,476","Morecambe Football Club Ltd. (P.McGuigan – maj. shareholder)","Peter McGuigan","http://www.morecambefc.com/"
55,"Northampton Town","Northampton","Northampton Town Football Club","The Cobblers, Teyn, Shoe Army","1897","Sixfields Stadium","Chris Wilder","resources/logos/Northampton Town.png","http://upload.wikimedia.org/wikipedia/en/thumb/c/ce/Northampton_Town_FC_logo.png/150px-Northampton_Town_FC_logo.png","http://en.wikipedia.org/wiki/Northampton_Town_F.C.","7,653","","David Cardoza","http://www.ntfc.co.uk/"
56,"Norwich City","Norwich","Norwich City Football Club","The Canaries, Yellows, The Citizens (Pre-1907)","1902","Carrow Road","Neil Adams","resources/logos/Norwich City.png","http://upload.wikimedia.org/wikipedia/en/thumb/8/8c/Norwich_City.svg/150px-Norwich_City.svg.png","http://en.wikipedia.org/wiki/Norwich_City_F.C.","27,244","","Alan Bowkett","http://www.canaries.co.uk/"
57,"Nottingham Forest","Nottm Forest","Nottingham Forest Football Club","Forest, The Reds, NFFC, The Tricky Trees, Foresters, Super Reds","1865","The City Ground","Stuart Pearce","resources/logos/Nottingham Forest.png","http://upload.wikimedia.org/wikipedia/en/thumb/d/d2/Nottingham_Forest_logo.svg/120px-Nottingham_Forest_logo.svg.png","http://en.wikipedia.org/wiki/Nottingham_Forest_F.C.","30,615","The Al Hasawi Family","Fawaz Al-Hasawi","http://www.nottinghamforest.co.uk/page/Welcome"
58,"Notts County","Notts County","Notts County Football Club","The Magpies","1862","Meadow Lane","Shaun Derry","resources/logos/Notts County.png","http://upload.wikimedia.org/wikipedia/en/thumb/0/05/Notts_County_Logo.png/150px-Notts_County_Logo.png","http://en.wikipedia.org/wiki/Notts_County_F.C.","20,229","Ray Trew","Ray Trew","http://www.nottscountyfc.co.uk/page/Welcome"
59,"Newcastle United","Newcastle","Newcastle United Football Club","The Magpies, The Toon, Geordies","1892","St James' Park","Alan Pardew","resources/logos/Newcastle United.png","http://upload.wikimedia.org/wikipedia/en/thumb/5/56/Newcastle_United_Logo.svg/230px-Newcastle_United_Logo.svg.png","http://en.wikipedia.org/wiki/Newcastle_United_F.C.","52,405","Mike Ashley","","http://www.nufc.co.uk"
60,"Oldham Athletic","Oldham","Oldham Athletic Association Football Club","The Latics, Oldham","1895","Boundary Park","Lee Johnson","resources/logos/Oldham Athletic.png","http://upload.wikimedia.org/wikipedia/en/thumb/2/21/Oldham_Athletic_new_badge.png/175px-Oldham_Athletic_new_badge.png","http://en.wikipedia.org/wiki/Oldham_Athletic_A.F.C.","10,638","","Jake Carney",NULL
61,"Oxford United","Oxford Utd","Oxford United Football Club","The Us, Yellows, The Boys from Up the Hill (as Headington United)","1893","Kassam Stadium","Michael Appleton","resources/logos/Oxford United.png","http://upload.wikimedia.org/wikipedia/en/thumb/4/4f/Oxford_United_FC.svg/175px-Oxford_United_FC.svg.png","http://en.wikipedia.org/wiki/Oxford_United_F.C.","12,500","","Darryl Eales","http://www.oufc.co.uk/page/Home/0,,10342,00.html"
62,"Peterborough United","Peterborough","Peterborough United Football Club","The Posh","1934","London Road Stadium","Darren Ferguson","resources/logos/Peterborough United.png","http://upload.wikimedia.org/wikipedia/en/thumb/d/d4/Peterborough_United.svg/200px-Peterborough_United.svg.png","http://en.wikipedia.org/wiki/Peterborough_United_F.C.","14,640","","Darragh MacAnthony",NULL
63,"Plymouth Argyle","Plymouth","Plymouth Argyle Football Club","The Pilgrims","1886","Home Park","John Sheridan","resources/logos/Plymouth Argyle.png","http://upload.wikimedia.org/wikipedia/en/thumb/a/a8/Plymouth_Argyle_F.C._logo.svg/200px-Plymouth_Argyle_F.C._logo.svg.png","http://en.wikipedia.org/wiki/Plymouth_Argyle_F.C.","16,388","James Brent","James Brent","http://www.pafc.co.uk/"
64,"Port Vale","Port Vale","Port Vale Football Club","The Valiants The Vale The Valeites","1876","Vale Park","Micky Adams","resources/logos/Port Vale.png","http://upload.wikimedia.org/wikipedia/en/thumb/5/5f/Port_Vale_logo.svg/200px-Port_Vale_logo.svg.png","http://en.wikipedia.org/wiki/Port_Vale_F.C.","19,052","","Norman Smurthwaite","http://www.port-vale.co.uk"
65,"Portsmouth","Portsmouth","Portsmouth Football Club","Pompey The Blue Army","1898","Fratton Park","Andy Awford","resources/logos/Portsmouth.png","http://upload.wikimedia.org/wikipedia/en/thumb/e/e1/Portsmouth_FC_crest_2008.png/150px-Portsmouth_FC_crest_2008.png","http://en.wikipedia.org/wiki/Portsmouth_F.C.","20,688","Pompey Supporters Trust","Iain McInnes","http://www.portsmouthfc.co.uk"
66,"Reading","Reading","Reading Football Club","The Royals","1871","Madejski Stadium","Nigel Adkins","resources/logos/Reading.png","http://upload.wikimedia.org/wikipedia/en/thumb/1/11/Reading_FC.svg/200px-Reading_FC.svg.png","http://en.wikipedia.org/wiki/Reading_F.C.","24,161","","Sir John Madejski","http://www.readingfc.co.uk/"
67,"Preston North End","Preston","Preston North End Football Club","The Lilywhites, PNE, The Whites, Preston,  The Invincibles ","1863","Deepdale","Simon Grayson ","resources/logos/Preston North End.png","http://upload.wikimedia.org/wikipedia/en/thumb/2/21/PNE_FC.png/125px-PNE_FC.png","http://en.wikipedia.org/wiki/Preston_North_End_F.C.","23,404 ","Preston North End F.C ","Peter Ridsdale","http://www.pnefc.net/"
68,"Queens Park Rangers","QPR","Queens Park Rangers Football Club","The Hoops","1882","Loftus Road Stadium","Harry Redknapp","resources/logos/Queens Park Rangers.png","http://upload.wikimedia.org/wikipedia/en/thumb/7/79/QPR_Logo.png/200px-QPR_Logo.png","http://en.wikipedia.org/wiki/Queens_Park_Rangers_F.C.","18,489","Tony Fernandes (66%) The Mittal family (33%)","Tony Fernandes","http://www.qpr.co.uk/"
69,"Rochdale","Rochdale","Rochdale Association Football Club","The Dale","1907","Spotland, Rochdale","Keith Hill","resources/logos/Rochdale.png","http://upload.wikimedia.org/wikipedia/en/thumb/d/d5/Rochdale_badge.png/125px-Rochdale_badge.png","http://en.wikipedia.org/wiki/Rochdale_A.F.C.","10,249","","Chris Dunphy","http://www.rochdaleafc.co.uk/"
70,"Rotherham United","Rotherham","Rotherham United Football Club","The Millers","1925","New York Stadium","Steve Evans","resources/logos/Rotherham United.png","http://upload.wikimedia.org/wikipedia/en/thumb/9/9b/Rotherham_United_FC.png/125px-Rotherham_United_FC.png","http://en.wikipedia.org/wiki/Rotherham_United_F.C.","12,021","","Tony Stewart","http://www.themillers.co.uk"
71,"Sheffield Wednesday","Sheff Wed","Sheffield Wednesday Football Club","The Owls, The Wednesday","1867","Hillsborough Stadium","Stuart Gray","resources/logos/Sheffield Wednesday.png","http://upload.wikimedia.org/wikipedia/en/thumb/a/a5/Sheffield_Wednesday.svg/175px-Sheffield_Wednesday.svg.png","http://en.wikipedia.org/wiki/Sheffield_Wednesday_F.C.","39,732","Hafiz Mammadov","Milan Mandari?","http://www.swfc.co.uk/"
72,"Scunthorpe United","Scunthorpe","Scunthorpe United Football Club","The Iron","1899","Glanford Park Scunthorpe","Russ Wilcox","resources/logos/Scunthorpe United.png","http://upload.wikimedia.org/wikipedia/en/thumb/9/95/Scunthorpe_United_FC_logo.svg/200px-Scunthorpe_United_FC_logo.svg.png","http://en.wikipedia.org/wiki/Scunthorpe_United_F.C.","9,088","","Peter Swann","http://www.scunthorpe-united.co.uk/"
73,"Sheffield United ","Sheff Utd ","Sheffield United Football Club ","The Blades, Red & White Wizards, Red and White Army","1889","Bramall Lane","Nigel Clough","resources/logos/Sheffield United.png","http://upload.wikimedia.org/wikipedia/en/thumb/9/9c/Sheffield_United_FC_logo.svg/175px-Sheffield_United_FC_logo.svg.png","http://en.wikipedia.org/wiki/Sheffield_United_F.C.","32,702","Sheffield United","Kevin McCabe Jim Phipps (Co-group Chairman) David Green (Football Club Chairman)",NULL
74,"Southampton","Southampton","Southampton Football Club","Saints","1885","St Mary's Stadium","Ronald Koeman","resources/logos/Southampton.png","http://upload.wikimedia.org/wikipedia/en/thumb/c/c9/FC_Southampton.svg/200px-FC_Southampton.svg.png","http://en.wikipedia.org/wiki/Southampton_F.C.","32,589","Katharina Liebherr","Ralph Krueger","http://www.saintsfc.co.uk/page/Home/"
76,"Southend United","Southend","Southend United Football Club","The Shrimpers, The Seasiders, The Blues","1906","Roots Hall","Phil Brown","resources/logos/Southend United.png","http://upload.wikimedia.org/wikipedia/en/thumb/7/79/Southend_United.svg/175px-Southend_United.svg.png","http://en.wikipedia.org/wiki/Southend_United_F.C.","12,392","","Ron Martin","http://www.southendunited.co.uk/"
77,"Stevenage","Stevenage","Stevenage Football Club","The Boro","1976","Broadhall Way","Graham Westley","resources/logos/Stevenage.png","http://upload.wikimedia.org/wikipedia/en/thumb/4/45/Stevenage_Football_Club.png/201px-Stevenage_Football_Club.png","http://en.wikipedia.org/wiki/Stevenage_F.C.","6,722","","Phil Wallace",NULL
78,"Sunderland","Sunderland","Sunderland Association Football Club","The Black Cats (official) The Lads, The Light Brigade, The Miners, the Sols, The Mackems(unofficial)","1879","Stadium of Light","Gus Poyet","resources/logos/Sunderland.png","http://upload.wikimedia.org/wikipedia/en/thumb/7/77/Logo_Sunderland.svg/250px-Logo_Sunderland.svg.png","http://en.wikipedia.org/wiki/Sunderland_A.F.C.","48,707","Ellis Short","Ellis Short","http://www.safc.com/"
79,"Swansea City","Swansea","Swansea City Association Football Club","The Jacks, The Swans","1912","Liberty Stadium","Garry Monk","resources/logos/Swansea City.png","http://upload.wikimedia.org/wikipedia/en/thumb/f/f9/Swansea_City_AFC_logo.svg/240px-Swansea_City_AFC_logo.svg.png","http://en.wikipedia.org/wiki/Swansea_City_A.F.C.","20,750","","Huw Jenkins","http://www.swanseacity.net/"
80,"Swindon Town","Swindon","Swindon Town Football Club","The Robins, The Reds, The Town","1879","County Ground","Mark Cooper","resources/logos/Swindon Town.png","http://upload.wikimedia.org/wikipedia/en/thumb/a/a3/Swindon_Town_FC.svg/175px-Swindon_Town_FC.svg.png","http://en.wikipedia.org/wiki/Swindon_Town_F.C.","14,700","","Lee Power",NULL
81,"Stoke City","Stoke","Stoke City Football Club","The Potters","1863","Britannia Stadium","Mark Hughes","resources/logos/Stoke City.png","http://upload.wikimedia.org/wikipedia/en/thumb/2/29/Stoke_City_FC.svg/220px-Stoke_City_FC.svg.png","http://en.wikipedia.org/wiki/Stoke_City_F.C.","27,740","","Peter Coates","http://www.stokecityfc.com/"
82,"Torquay United","Torquay","Torquay United Football Club","The Gulls","1899","Plainmoor","Chris Hargreaves","resources/logos/Torquay United.png","http://upload.wikimedia.org/wikipedia/en/thumb/f/f2/Torquay_United_FC.svg/180px-Torquay_United_FC.svg.png","http://en.wikipedia.org/wiki/Torquay_United_F.C.","6,500","","Thea Bristow","http://www.torquayunited.com"
83,"Tottenham Hotspur","Tottenham","Tottenham Hotspur Football Club","Spurs, The Lilywhites","1882","White Hart Lane","Mauricio Pochettino","resources/logos/Tottenham Hotspur.png","http://upload.wikimedia.org/wikipedia/en/thumb/b/b4/Tottenham_Hotspur.svg/150px-Tottenham_Hotspur.svg.png","http://en.wikipedia.org/wiki/Tottenham_Hotspur_F.C.","36,284","ENIC International Ltd ","Daniel Levy","http://www.tottenhamhotspur.com/"
84,"Tranmere Rovers","Tranmere","Tranmere Rovers Football Club","Superwhites, Rovers","1884","Prenton Park","Rob Edwards","resources/logos/Tranmere Rovers.png","http://upload.wikimedia.org/wikipedia/en/thumb/3/30/Tranmere_Rovers_FC_logo.svg/150px-Tranmere_Rovers_FC_logo.svg.png","http://en.wikipedia.org/wiki/Tranmere_Rovers_F.C.","16,567","","Peter Johnson","http://www.tranmererovers.co.uk"
85,"Walsall","Walsall","Walsall Football Club","The Saddlers","1888","Bescot Stadium, Walsall","Dean Smith","resources/logos/Walsall.png","http://upload.wikimedia.org/wikipedia/en/thumb/e/ef/Walsall_FC.svg/175px-Walsall_FC.svg.png","http://en.wikipedia.org/wiki/Walsall_F.C.","11,300","","Jeff Bonser","http://www.saddlers.co.uk/page/Home"
86,"Watford","Watford","Watford Football Club","The Hornets, The Golden Boys, Yellow Army, The 'Orns","1881","Vicarage Road","Beppe Sannino","resources/logos/Watford.png","http://upload.wikimedia.org/wikipedia/en/thumb/e/e2/Watford.svg/150px-Watford.svg.png","http://en.wikipedia.org/wiki/Watford_F.C.","17,477","Giampaolo Pozzo","Raffaele Riva","http://www.watfordfc.com/"
87,"West Bromwich Albion","West Brom","West Bromwich Albion Football Club","The Baggies, The Throstles, Albion","1878","The Hawthorns","Alan Irvine","resources/logos/West Bromwich Albion.png","http://upload.wikimedia.org/wikipedia/en/thumb/8/8b/West_Bromwich_Albion.svg/150px-West_Bromwich_Albion.svg.png","http://en.wikipedia.org/wiki/West_Bromwich_Albion_F.C.","26,445","","Jeremy Peace","http://www.wba.co.uk/"
88,"West Ham United","West Ham","West Ham United Football Club","The Irons The Hammers The Academy of Football","1895","The Boleyn Ground","Sam Allardyce","resources/logos/West Ham United.png","http://upload.wikimedia.org/wikipedia/en/thumb/e/e0/West_Ham_United_FC.svg/200px-West_Ham_United_FC.svg.png","http://en.wikipedia.org/wiki/West_Ham_United_F.C.","35,016","David Sullivan 55.6% David Gold 30.6% CB Holding Ltd. 10% Minority Investors 3.8%","","http://www.whufc.com/"
89,"Wigan Athletic","Wigan","Wigan Athletic Football Club","Latics","1932","DW Stadium","Uwe Rösler","resources/logos/Wigan Athletic.png","http://upload.wikimedia.org/wikipedia/en/thumb/4/43/Wigan_Athletic.svg/150px-Wigan_Athletic.svg.png","http://en.wikipedia.org/wiki/Wigan_Athletic_F.C.","25,138","","Dave Whelan","http://www.wiganlatics.co.uk"
91,"Wolverhampton Wanderers","Wolves","Wolverhampton Wanderers Football Club","Wolves","1877","Molineux","","resources/logos/Wolverhampton Wanderers.png","http://upload.wikimedia.org/wikipedia/en/thumb/f/fc/Wolverhampton_Wanderers.svg/115px-Wolverhampton_Wanderers.svg.png","http://en.wikipedia.org/wiki/Wolverhampton_Wanderers_F.C.","30,852","Steve Morgan OBE","Steve Morgan OBE","http://www.wolves.co.uk/"
92,"Wycombe Wanderers","Wycombe","Wycombe Wanderers Football Club","The Chairboys The Blues","1887","Adams Park","Gareth Ainsworth","resources/logos/Wycombe Wanderers.png","http://upload.wikimedia.org/wikipedia/en/thumb/f/fb/Wycombe_Wanderers_FC_logo.svg/200px-Wycombe_Wanderers_FC_logo.svg.png","http://en.wikipedia.org/wiki/Wycombe_Wanderers_F.C.","10,284","Wycombe Wanderers Trust Ltd","Don Woodward","http://www.wycombewanderers.co.uk/"
93,"Yeovil Town","Yeovil","Yeovil Town Football Club","The Glovers","1895","Huish Park","Gary Johnson","resources/logos/Yeovil Town.png","http://upload.wikimedia.org/wikipedia/en/thumb/9/9b/Yeovil_Town_FC_logo.svg/175px-Yeovil_Town_FC_logo.svg.png","http://en.wikipedia.org/wiki/Yeovil_Town_F.C.","9,565","","John Fry","http://www.ytfc.net/page/Home"
94,"York City","York","York City Football Club","Minstermen","1922","Bootham Crescent","Nigel Worthington","resources/logos/York City.png","http://upload.wikimedia.org/wikipedia/en/thumb/7/71/York_City_FC.svg/100px-York_City_FC.svg.png","http://en.wikipedia.org/wiki/York_City_F.C.","7,872","","Jason McGill","http://www.yorkcityfootballclub.co.uk/"
219,"Newport County","Newport","Newport County Association Football Club","The Exiles, The Ironsides, The Port, The County","1912","Rodney Parade, Newport","Justin Edinburgh",NULL,"http://upload.wikimedia.org/wikipedia/en/b/b0/Newport_County_crest.png","http://en.wikipedia.org/wiki/Newport_County_A.F.C.","7,850","","Les Scadding","http://www.newport-county.co.uk/"
220,"Mansfield Town","Mansfield","Mansfield Town Football Club","The Stags, Yellows","1897","Field Mill, Mansfield Capacity: 9,186","Paul Cox",NULL,"http://upload.wikimedia.org/wikipedia/en/thumb/7/7d/Mansfield_Town_FC.svg/175px-Mansfield_Town_FC.svg.png","http://en.wikipedia.org/wiki/Mansfield_Town_F.C.","","John Radford","","http://www.mansfieldtown.net/"
251,"Shrewsbury Town. 1886","Shrewsbury","Shrewsbury Town Football Club Ltd. 1886","","1886","New Meadow, Shrewsbury","Micky Mellon",NULL,"http://upload.wikimedia.org/wikipedia/en/thumb/0/03/Shrewsbury_Town_FC.svg/200px-Shrewsbury_Town_FC.svg.png","http://en.wikipedia.org/wiki/Shrewsbury_Town_F.C.","9,875","","Roland Wycherley",NULL
465,"Luton Town","Luton","Luton Town Football Club","The Hatters","1885","Kenilworth Road Luton","John Still",NULL,"http://upload.wikimedia.org/wikipedia/en/8/8b/LutonTownFC2009.png","http://en.wikipedia.org/wiki/Luton_Town_F.C.","10,226","Nick Owen","Luton Town Football Club 2020 Ltd",""
466,"Cambridge United","Cambridge","Cambridge United Football Club","United, The U's","1912","Abbey Stadium Cambridge","Richard Money",NULL,"http://upload.wikimedia.org/wikipedia/en/thumb/8/8f/Cambridge_United_FC.svg/540px-Cambridge_United_FC.svg.png","http://en.wikipedia.org/wiki/Cambridge_United_F.C.","10,847","Dave Doggett",NULL,NULL
